,from,to,score,pair
1,CHUK,AKT1,908,AKT1_CHUK
2,RPS27A,UBA52,999,RPS27A_UBA52
3,MTOR,UBC,802,MTOR_UBC
4,RPS27A,UBC,995,RPS27A_UBC
5,UBA52,UBC,996,UBA52_UBC
6,RPS27A,UBB,994,RPS27A_UBB
7,UBA52,UBB,994,UBA52_UBB
8,UBC,UBB,994,UBB_UBC
9,HLA-DQA1,HLA-DRB1,978,HLA-DQA1_HLA-DRB1
10,HLA-DRB1,HLA-DQA2,901,HLA-DQA2_HLA-DRB1
11,HLA-DQA1,HLA-DQB1,999,HLA-DQA1_HLA-DQB1
12,HLA-DQA2,HLA-DQB1,960,HLA-DQA2_HLA-DQB1
13,HLA-DQA1,HLA-DRB5,720,HLA-DQA1_HLA-DRB5
14,HLA-DRB1,HLA-DRB5,907,HLA-DRB1_HLA-DRB5
15,HLA-DQA2,HLA-DRB5,790,HLA-DQA2_HLA-DRB5
16,HLA-DQB1,HLA-DRB5,706,HLA-DQB1_HLA-DRB5
17,HLA-DRB1,HLA-DRA,999,HLA-DRA_HLA-DRB1
18,HLA-DQA2,HLA-DRA,717,HLA-DQA2_HLA-DRA
19,HLA-DQB1,HLA-DRA,758,HLA-DQB1_HLA-DRA
20,HLA-DRB5,HLA-DRA,995,HLA-DRA_HLA-DRB5
21,HLA-DRB1,HLA-DPA1,936,HLA-DPA1_HLA-DRB1
22,HLA-DQA2,HLA-DPA1,747,HLA-DPA1_HLA-DQA2
23,HLA-DRB5,HLA-DPA1,735,HLA-DPA1_HLA-DRB5
24,HLA-DRA,HLA-DPA1,924,HLA-DPA1_HLA-DRA
25,HLA-DQA1,HLA-DPB1,878,HLA-DPB1_HLA-DQA1
26,HLA-DRB1,HLA-DPB1,909,HLA-DPB1_HLA-DRB1
27,HLA-DQA2,HLA-DPB1,809,HLA-DPB1_HLA-DQA2
28,HLA-DRA,HLA-DPB1,933,HLA-DPB1_HLA-DRA
29,HLA-DPA1,HLA-DPB1,999,HLA-DPA1_HLA-DPB1
30,RPS27A,ZAP70,800,RPS27A_ZAP70
31,UBA52,ZAP70,800,UBA52_ZAP70
32,UBC,ZAP70,800,UBC_ZAP70
33,UBB,ZAP70,800,UBB_ZAP70
34,ZAP70,TRAT1,900,TRAT1_ZAP70
35,ZAP70,CD3D,979,CD3D_ZAP70
36,TRAT1,CD3D,900,CD3D_TRAT1
37,ZAP70,FYN,895,FYN_ZAP70
38,CD3D,FYN,746,CD3D_FYN
39,ZAP70,CD3E,966,CD3E_ZAP70
40,TRAT1,CD3E,900,CD3E_TRAT1
41,CD3D,CD3E,999,CD3D_CD3E
42,FYN,CD3E,909,CD3E_FYN
43,ZAP70,CD247,999,CD247_ZAP70
44,TRAT1,CD247,947,CD247_TRAT1
45,CD3D,CD247,999,CD247_CD3D
46,FYN,CD247,972,CD247_FYN
47,CD3E,CD247,999,CD247_CD3E
48,ZAP70,CD3G,972,CD3G_ZAP70
49,TRAT1,CD3G,900,CD3G_TRAT1
50,CD3D,CD3G,999,CD3D_CD3G
51,CD3E,CD3G,999,CD3E_CD3G
52,CD247,CD3G,999,CD247_CD3G
53,ZAP70,LCK,993,LCK_ZAP70
54,CD3D,LCK,746,CD3D_LCK
55,FYN,LCK,998,FYN_LCK
56,CD3E,LCK,753,CD3E_LCK
57,CD247,LCK,850,CD247_LCK
58,ZAP70,GRB2,986,GRB2_ZAP70
59,FYN,GRB2,971,FYN_GRB2
60,LCK,GRB2,964,GRB2_LCK
61,RPS27A,PSMD4,975,PSMD4_RPS27A
62,UBA52,PSMD4,953,PSMD4_UBA52
63,UBC,PSMD4,958,PSMD4_UBC
64,UBB,PSMD4,965,PSMD4_UBB
65,RPS27A,PSMC4,862,PSMC4_RPS27A
66,UBA52,PSMC4,835,PSMC4_UBA52
67,UBC,PSMC4,898,PSMC4_UBC
68,UBB,PSMC4,871,PSMC4_UBB
69,PSMD4,PSMC4,998,PSMC4_PSMD4
70,RPS27A,PSMD8,862,PSMD8_RPS27A
71,UBA52,PSMD8,835,PSMD8_UBA52
72,UBC,PSMD8,862,PSMD8_UBC
73,UBB,PSMD8,848,PSMD8_UBB
74,PSMD4,PSMD8,998,PSMD4_PSMD8
75,PSMC4,PSMD8,998,PSMC4_PSMD8
76,RPS27A,PSMA3,888,PSMA3_RPS27A
77,UBA52,PSMA3,835,PSMA3_UBA52
78,UBC,PSMA3,849,PSMA3_UBC
79,UBB,PSMA3,848,PSMA3_UBB
80,PSMD4,PSMA3,982,PSMA3_PSMD4
81,PSMC4,PSMA3,968,PSMA3_PSMC4
82,PSMD8,PSMA3,966,PSMA3_PSMD8
83,PSMA3,PSME2,970,PSMA3_PSME2
84,RPS27A,PSMD7,862,PSMD7_RPS27A
85,UBA52,PSMD7,842,PSMD7_UBA52
86,UBC,PSMD7,866,PSMD7_UBC
87,UBB,PSMD7,848,PSMD7_UBB
88,PSMD4,PSMD7,998,PSMD4_PSMD7
89,PSMC4,PSMD7,996,PSMC4_PSMD7
90,PSMD8,PSMD7,999,PSMD7_PSMD8
91,PSMA3,PSMD7,971,PSMA3_PSMD7
92,RPS27A,PSMA2,868,PSMA2_RPS27A
93,UBA52,PSMA2,835,PSMA2_UBA52
94,UBC,PSMA2,848,PSMA2_UBC
95,UBB,PSMA2,906,PSMA2_UBB
96,PSMD4,PSMA2,988,PSMA2_PSMD4
97,PSMC4,PSMA2,986,PSMA2_PSMC4
98,PSMD8,PSMA2,959,PSMA2_PSMD8
99,PSMA3,PSMA2,998,PSMA2_PSMA3
100,PSME2,PSMA2,971,PSMA2_PSME2
101,PSMD7,PSMA2,957,PSMA2_PSMD7
102,RPS27A,PSMB7,876,PSMB7_RPS27A
103,UBA52,PSMB7,826,PSMB7_UBA52
104,UBC,PSMB7,837,PSMB7_UBC
105,UBB,PSMB7,836,PSMB7_UBB
106,PSMD4,PSMB7,964,PSMB7_PSMD4
107,PSMC4,PSMB7,958,PSMB7_PSMC4
108,PSMD8,PSMB7,943,PSMB7_PSMD8
109,PSMA3,PSMB7,997,PSMA3_PSMB7
110,PSME2,PSMB7,929,PSMB7_PSME2
111,PSMD7,PSMB7,962,PSMB7_PSMD7
112,PSMA2,PSMB7,998,PSMA2_PSMB7
113,RPS27A,PSMC1,862,PSMC1_RPS27A
114,UBA52,PSMC1,866,PSMC1_UBA52
115,UBC,PSMC1,880,PSMC1_UBC
116,UBB,PSMC1,866,PSMC1_UBB
117,PSMD4,PSMC1,998,PSMC1_PSMD4
118,PSMC4,PSMC1,998,PSMC1_PSMC4
119,PSMD8,PSMC1,994,PSMC1_PSMD8
120,PSMA3,PSMC1,974,PSMA3_PSMC1
121,PSMD7,PSMC1,997,PSMC1_PSMD7
122,PSMA2,PSMC1,960,PSMA2_PSMC1
123,PSMB7,PSMC1,948,PSMB7_PSMC1
124,RPS27A,PSMA6,922,PSMA6_RPS27A
125,UBA52,PSMA6,864,PSMA6_UBA52
126,UBC,PSMA6,889,PSMA6_UBC
127,UBB,PSMA6,847,PSMA6_UBB
128,PSMD4,PSMA6,983,PSMA6_PSMD4
129,PSMC4,PSMA6,980,PSMA6_PSMC4
130,PSMD8,PSMA6,961,PSMA6_PSMD8
131,PSMA3,PSMA6,999,PSMA3_PSMA6
132,PSME2,PSMA6,953,PSMA6_PSME2
133,PSMD7,PSMA6,957,PSMA6_PSMD7
134,PSMA2,PSMA6,999,PSMA2_PSMA6
135,PSMB7,PSMA6,999,PSMA6_PSMB7
136,PSMC1,PSMA6,958,PSMA6_PSMC1
137,RPS27A,PSMD11,891,PSMD11_RPS27A
138,UBA52,PSMD11,864,PSMD11_UBA52
139,UBC,PSMD11,864,PSMD11_UBC
140,UBB,PSMD11,848,PSMD11_UBB
141,PSMD4,PSMD11,997,PSMD11_PSMD4
142,PSMC4,PSMD11,998,PSMC4_PSMD11
143,PSMD8,PSMD11,999,PSMD11_PSMD8
144,PSMA3,PSMD11,969,PSMA3_PSMD11
145,PSMD7,PSMD11,999,PSMD11_PSMD7
146,PSMA2,PSMD11,992,PSMA2_PSMD11
147,PSMB7,PSMD11,950,PSMB7_PSMD11
148,PSMC1,PSMD11,997,PSMC1_PSMD11
149,PSMA6,PSMD11,959,PSMA6_PSMD11
150,RPS27A,PSMB1,888,PSMB1_RPS27A
151,UBA52,PSMB1,835,PSMB1_UBA52
152,UBC,PSMB1,849,PSMB1_UBC
153,UBB,PSMB1,848,PSMB1_UBB
154,PSMD4,PSMB1,990,PSMB1_PSMD4
155,PSMC4,PSMB1,962,PSMB1_PSMC4
156,PSMD8,PSMB1,928,PSMB1_PSMD8
157,PSMA3,PSMB1,999,PSMA3_PSMB1
158,PSME2,PSMB1,934,PSMB1_PSME2
159,PSMD7,PSMB1,966,PSMB1_PSMD7
160,PSMA2,PSMB1,998,PSMA2_PSMB1
161,PSMB7,PSMB1,999,PSMB1_PSMB7
162,PSMC1,PSMB1,976,PSMB1_PSMC1
163,PSMA6,PSMB1,996,PSMA6_PSMB1
164,PSMD11,PSMB1,953,PSMB1_PSMD11
165,RPS27A,PSMD3,886,PSMD3_RPS27A
166,UBA52,PSMD3,835,PSMD3_UBA52
167,UBC,PSMD3,884,PSMD3_UBC
168,UBB,PSMD3,871,PSMD3_UBB
169,PSMD4,PSMD3,999,PSMD3_PSMD4
170,PSMC4,PSMD3,994,PSMC4_PSMD3
171,PSMD8,PSMD3,999,PSMD3_PSMD8
172,PSMA3,PSMD3,963,PSMA3_PSMD3
173,PSMD7,PSMD3,999,PSMD3_PSMD7
174,PSMA2,PSMD3,982,PSMA2_PSMD3
175,PSMB7,PSMD3,962,PSMB7_PSMD3
176,PSMC1,PSMD3,994,PSMC1_PSMD3
177,PSMA6,PSMD3,958,PSMA6_PSMD3
178,PSMD11,PSMD3,999,PSMD11_PSMD3
179,PSMB1,PSMD3,965,PSMB1_PSMD3
180,RPS27A,PSMB6,875,PSMB6_RPS27A
181,UBA52,PSMB6,826,PSMB6_UBA52
182,UBC,PSMB6,837,PSMB6_UBC
183,UBB,PSMB6,836,PSMB6_UBB
184,PSMD4,PSMB6,960,PSMB6_PSMD4
185,PSMC4,PSMB6,951,PSMB6_PSMC4
186,PSMD8,PSMB6,965,PSMB6_PSMD8
187,PSMA3,PSMB6,998,PSMA3_PSMB6
188,PSME2,PSMB6,884,PSMB6_PSME2
189,PSMD7,PSMB6,951,PSMB6_PSMD7
190,PSMA2,PSMB6,997,PSMA2_PSMB6
191,PSMB7,PSMB6,999,PSMB6_PSMB7
192,PSMC1,PSMB6,952,PSMB6_PSMC1
193,PSMA6,PSMB6,999,PSMA6_PSMB6
194,PSMD11,PSMB6,945,PSMB6_PSMD11
195,PSMB1,PSMB6,998,PSMB1_PSMB6
196,PSMD3,PSMB6,953,PSMB6_PSMD3
197,RPS27A,PSMA5,862,PSMA5_RPS27A
198,UBA52,PSMA5,861,PSMA5_UBA52
199,UBC,PSMA5,849,PSMA5_UBC
200,UBB,PSMA5,848,PSMA5_UBB
201,PSMD4,PSMA5,971,PSMA5_PSMD4
202,PSMC4,PSMA5,969,PSMA5_PSMC4
203,PSMD8,PSMA5,948,PSMA5_PSMD8
204,PSMA3,PSMA5,997,PSMA3_PSMA5
205,PSME2,PSMA5,973,PSMA5_PSME2
206,PSMD7,PSMA5,967,PSMA5_PSMD7
207,PSMA2,PSMA5,999,PSMA2_PSMA5
208,PSMB7,PSMA5,998,PSMA5_PSMB7
209,PSMC1,PSMA5,961,PSMA5_PSMC1
210,PSMA6,PSMA5,999,PSMA5_PSMA6
211,PSMD11,PSMA5,957,PSMA5_PSMD11
212,PSMB1,PSMA5,999,PSMA5_PSMB1
213,PSMD3,PSMA5,964,PSMA5_PSMD3
214,PSMB6,PSMA5,996,PSMA5_PSMB6
215,RPS27A,PSMB4,862,PSMB4_RPS27A
216,UBA52,PSMB4,835,PSMB4_UBA52
217,UBC,PSMB4,848,PSMB4_UBC
218,UBB,PSMB4,848,PSMB4_UBB
219,PSMD4,PSMB4,985,PSMB4_PSMD4
220,PSMC4,PSMB4,958,PSMB4_PSMC4
221,PSMD8,PSMB4,951,PSMB4_PSMD8
222,PSMA3,PSMB4,999,PSMA3_PSMB4
223,PSME2,PSMB4,952,PSMB4_PSME2
224,PSMD7,PSMB4,977,PSMB4_PSMD7
225,PSMA2,PSMB4,996,PSMA2_PSMB4
226,PSMB7,PSMB4,999,PSMB4_PSMB7
227,PSMC1,PSMB4,964,PSMB4_PSMC1
228,PSMA6,PSMB4,998,PSMA6_PSMB4
229,PSMD11,PSMB4,955,PSMB4_PSMD11
230,PSMB1,PSMB4,999,PSMB1_PSMB4
231,PSMD3,PSMB4,959,PSMB4_PSMD3
232,PSMB6,PSMB4,999,PSMB4_PSMB6
233,PSMA5,PSMB4,998,PSMA5_PSMB4
234,PSMD8,PSME3,722,PSMD8_PSME3
235,PSME2,PSME3,900,PSME2_PSME3
236,PSMD11,PSME3,722,PSMD11_PSME3
237,PSMA5,PSME3,721,PSMA5_PSME3
238,PSMB4,PSME3,712,PSMB4_PSME3
239,RPS27A,PSMD1,888,PSMD1_RPS27A
240,UBA52,PSMD1,835,PSMD1_UBA52
241,UBC,PSMD1,898,PSMD1_UBC
242,UBB,PSMD1,847,PSMD1_UBB
243,PSMD4,PSMD1,997,PSMD1_PSMD4
244,PSMC4,PSMD1,998,PSMC4_PSMD1
245,PSMD8,PSMD1,998,PSMD1_PSMD8
246,PSMA3,PSMD1,968,PSMA3_PSMD1
247,PSMD7,PSMD1,998,PSMD1_PSMD7
248,PSMA2,PSMD1,970,PSMA2_PSMD1
249,PSMB7,PSMD1,963,PSMB7_PSMD1
250,PSMC1,PSMD1,998,PSMC1_PSMD1
251,PSMA6,PSMD1,957,PSMA6_PSMD1
252,PSMD11,PSMD1,993,PSMD1_PSMD11
253,PSMB1,PSMD1,978,PSMB1_PSMD1
254,PSMD3,PSMD1,999,PSMD1_PSMD3
255,PSMB6,PSMD1,949,PSMB6_PSMD1
256,PSMA5,PSMD1,979,PSMA5_PSMD1
257,PSMB4,PSMD1,959,PSMB4_PSMD1
258,RPS27A,PSMD2,955,PSMD2_RPS27A
259,UBA52,PSMD2,913,PSMD2_UBA52
260,UBC,PSMD2,921,PSMD2_UBC
261,UBB,PSMD2,882,PSMD2_UBB
262,PSMD4,PSMD2,998,PSMD2_PSMD4
263,PSMC4,PSMD2,997,PSMC4_PSMD2
264,PSMD8,PSMD2,997,PSMD2_PSMD8
265,PSMA3,PSMD2,985,PSMA3_PSMD2
266,PSMD7,PSMD2,998,PSMD2_PSMD7
267,PSMA2,PSMD2,984,PSMA2_PSMD2
268,PSMB7,PSMD2,968,PSMB7_PSMD2
269,PSMC1,PSMD2,999,PSMC1_PSMD2
270,PSMA6,PSMD2,966,PSMA6_PSMD2
271,PSMD11,PSMD2,988,PSMD11_PSMD2
272,PSMB1,PSMD2,983,PSMB1_PSMD2
273,PSMD3,PSMD2,998,PSMD2_PSMD3
274,PSMB6,PSMD2,955,PSMB6_PSMD2
275,PSMA5,PSMD2,985,PSMA5_PSMD2
276,PSMB4,PSMD2,967,PSMB4_PSMD2
277,PSMD1,PSMD2,999,PSMD1_PSMD2
278,MTOR,PSMC5,734,MTOR_PSMC5
279,RPS27A,PSMC5,888,PSMC5_RPS27A
280,UBA52,PSMC5,864,PSMC5_UBA52
281,UBC,PSMC5,898,PSMC5_UBC
282,UBB,PSMC5,847,PSMC5_UBB
283,PSMD4,PSMC5,996,PSMC5_PSMD4
284,PSMC4,PSMC5,997,PSMC4_PSMC5
285,PSMD8,PSMC5,991,PSMC5_PSMD8
286,PSMA3,PSMC5,962,PSMA3_PSMC5
287,PSMD7,PSMC5,995,PSMC5_PSMD7
288,PSMA2,PSMC5,980,PSMA2_PSMC5
289,PSMB7,PSMC5,959,PSMB7_PSMC5
290,PSMC1,PSMC5,995,PSMC1_PSMC5
291,PSMA6,PSMC5,958,PSMA6_PSMC5
292,PSMD11,PSMC5,996,PSMC5_PSMD11
293,PSMB1,PSMC5,955,PSMB1_PSMC5
294,PSMD3,PSMC5,997,PSMC5_PSMD3
295,PSMB6,PSMC5,956,PSMB6_PSMC5
296,PSMA5,PSMC5,964,PSMA5_PSMC5
297,PSMB4,PSMC5,952,PSMB4_PSMC5
298,PSME3,PSMC5,760,PSMC5_PSME3
299,PSMD1,PSMC5,998,PSMC5_PSMD1
300,PSMD2,PSMC5,998,PSMC5_PSMD2
301,PSMC4,PSMA8,790,PSMA8_PSMC4
302,PSMD8,PSMA8,771,PSMA8_PSMD8
303,PSMA3,PSMA8,945,PSMA3_PSMA8
304,PSMD7,PSMA8,750,PSMA8_PSMD7
305,PSMA2,PSMA8,950,PSMA2_PSMA8
306,PSMB7,PSMA8,960,PSMA8_PSMB7
307,PSMC1,PSMA8,785,PSMA8_PSMC1
308,PSMA6,PSMA8,943,PSMA6_PSMA8
309,PSMB1,PSMA8,961,PSMA8_PSMB1
310,PSMD3,PSMA8,747,PSMA8_PSMD3
311,PSMB6,PSMA8,962,PSMA8_PSMB6
312,PSMA5,PSMA8,948,PSMA5_PSMA8
313,PSMB4,PSMA8,960,PSMA8_PSMB4
314,PSMD2,PSMA8,838,PSMA8_PSMD2
315,PSMC5,PSMA8,773,PSMA8_PSMC5
316,PSMA3,PSMF1,900,PSMA3_PSMF1
317,PSMA2,PSMF1,953,PSMA2_PSMF1
318,PSMB7,PSMF1,961,PSMB7_PSMF1
319,PSMA6,PSMF1,943,PSMA6_PSMF1
320,PSMB1,PSMF1,963,PSMB1_PSMF1
321,PSMB6,PSMF1,900,PSMB6_PSMF1
322,PSMA5,PSMF1,963,PSMA5_PSMF1
323,PSMB4,PSMF1,963,PSMB4_PSMF1
324,PSMA8,PSMF1,720,PSMA8_PSMF1
325,RPS27A,PSMD12,888,PSMD12_RPS27A
326,UBA52,PSMD12,865,PSMD12_UBA52
327,UBC,PSMD12,864,PSMD12_UBC
328,UBB,PSMD12,848,PSMD12_UBB
329,PSMD4,PSMD12,998,PSMD12_PSMD4
330,PSMC4,PSMD12,998,PSMC4_PSMD12
331,PSMD8,PSMD12,999,PSMD12_PSMD8
332,PSMA3,PSMD12,966,PSMA3_PSMD12
333,PSMD7,PSMD12,999,PSMD12_PSMD7
334,PSMA2,PSMD12,960,PSMA2_PSMD12
335,PSMB7,PSMD12,956,PSMB7_PSMD12
336,PSMC1,PSMD12,996,PSMC1_PSMD12
337,PSMA6,PSMD12,992,PSMA6_PSMD12
338,PSMD11,PSMD12,999,PSMD11_PSMD12
339,PSMB1,PSMD12,975,PSMB1_PSMD12
340,PSMD3,PSMD12,999,PSMD12_PSMD3
341,PSMB6,PSMD12,958,PSMB6_PSMD12
342,PSMA5,PSMD12,960,PSMA5_PSMD12
343,PSMB4,PSMD12,975,PSMB4_PSMD12
344,PSME3,PSMD12,727,PSMD12_PSME3
345,PSMD1,PSMD12,995,PSMD1_PSMD12
346,PSMD2,PSMD12,996,PSMD12_PSMD2
347,PSMC5,PSMD12,995,PSMC5_PSMD12
348,PSMA3,PSMB10,991,PSMA3_PSMB10
349,PSME2,PSMB10,812,PSMB10_PSME2
350,PSMA2,PSMB10,996,PSMA2_PSMB10
351,PSMB7,PSMB10,793,PSMB10_PSMB7
352,PSMA6,PSMB10,986,PSMA6_PSMB10
353,PSMB1,PSMB10,991,PSMB1_PSMB10
354,PSMB6,PSMB10,941,PSMB10_PSMB6
355,PSMA5,PSMB10,987,PSMA5_PSMB10
356,PSMB4,PSMB10,996,PSMB10_PSMB4
357,PSMA8,PSMB10,921,PSMA8_PSMB10
358,PSMF1,PSMB10,720,PSMB10_PSMF1
359,RPS27A,PSMB5,848,PSMB5_RPS27A
360,UBA52,PSMB5,826,PSMB5_UBA52
361,UBC,PSMB5,837,PSMB5_UBC
362,UBB,PSMB5,836,PSMB5_UBB
363,PSMD4,PSMB5,968,PSMB5_PSMD4
364,PSMC4,PSMB5,964,PSMB5_PSMC4
365,PSMD8,PSMB5,950,PSMB5_PSMD8
366,PSMA3,PSMB5,997,PSMA3_PSMB5
367,PSME2,PSMB5,904,PSMB5_PSME2
368,PSMD7,PSMB5,972,PSMB5_PSMD7
369,PSMA2,PSMB5,997,PSMA2_PSMB5
370,PSMB7,PSMB5,999,PSMB5_PSMB7
371,PSMC1,PSMB5,963,PSMB5_PSMC1
372,PSMA6,PSMB5,997,PSMA6_PSMB5
373,PSMD11,PSMB5,948,PSMB5_PSMD11
374,PSMB1,PSMB5,999,PSMB1_PSMB5
375,PSMD3,PSMB5,948,PSMB5_PSMD3
376,PSMB6,PSMB5,999,PSMB5_PSMB6
377,PSMA5,PSMB5,998,PSMA5_PSMB5
378,PSMB4,PSMB5,998,PSMB4_PSMB5
379,PSMD1,PSMB5,947,PSMB5_PSMD1
380,PSMD2,PSMB5,962,PSMB5_PSMD2
381,PSMC5,PSMB5,964,PSMB5_PSMC5
382,PSMA8,PSMB5,946,PSMA8_PSMB5
383,PSMF1,PSMB5,900,PSMB5_PSMF1
384,PSMD12,PSMB5,957,PSMB5_PSMD12
385,PSMB10,PSMB5,939,PSMB10_PSMB5
386,RPS27A,PSMA7,848,PSMA7_RPS27A
387,UBA52,PSMA7,826,PSMA7_UBA52
388,UBC,PSMA7,837,PSMA7_UBC
389,UBB,PSMA7,836,PSMA7_UBB
390,PSMD4,PSMA7,973,PSMA7_PSMD4
391,PSMC4,PSMA7,960,PSMA7_PSMC4
392,PSMD8,PSMA7,945,PSMA7_PSMD8
393,PSMA3,PSMA7,997,PSMA3_PSMA7
394,PSME2,PSMA7,957,PSMA7_PSME2
395,PSMD7,PSMA7,960,PSMA7_PSMD7
396,PSMA2,PSMA7,999,PSMA2_PSMA7
397,PSMB7,PSMA7,997,PSMA7_PSMB7
398,PSMC1,PSMA7,984,PSMA7_PSMC1
399,PSMA6,PSMA7,997,PSMA6_PSMA7
400,PSMD11,PSMA7,957,PSMA7_PSMD11
401,PSMB1,PSMA7,997,PSMA7_PSMB1
402,PSMD3,PSMA7,972,PSMA7_PSMD3
403,PSMB6,PSMA7,998,PSMA7_PSMB6
404,PSMA5,PSMA7,998,PSMA5_PSMA7
405,PSMB4,PSMA7,998,PSMA7_PSMB4
406,PSMD1,PSMA7,949,PSMA7_PSMD1
407,PSMD2,PSMA7,971,PSMA7_PSMD2
408,PSMC5,PSMA7,950,PSMA7_PSMC5
409,PSMA8,PSMA7,965,PSMA7_PSMA8
410,PSMF1,PSMA7,963,PSMA7_PSMF1
411,PSMD12,PSMA7,957,PSMA7_PSMD12
412,PSMB10,PSMA7,970,PSMA7_PSMB10
413,PSMB5,PSMA7,998,PSMA7_PSMB5
414,RPS27A,PSMB2,887,PSMB2_RPS27A
415,UBA52,PSMB2,863,PSMB2_UBA52
416,UBC,PSMB2,896,PSMB2_UBC
417,UBB,PSMB2,871,PSMB2_UBB
418,PSMD4,PSMB2,983,PSMB2_PSMD4
419,PSMC4,PSMB2,965,PSMB2_PSMC4
420,PSMD8,PSMB2,968,PSMB2_PSMD8
421,PSMA3,PSMB2,999,PSMA3_PSMB2
422,PSME2,PSMB2,941,PSMB2_PSME2
423,PSMD7,PSMB2,960,PSMB2_PSMD7
424,PSMA2,PSMB2,997,PSMA2_PSMB2
425,PSMB7,PSMB2,996,PSMB2_PSMB7
426,PSMC1,PSMB2,979,PSMB2_PSMC1
427,PSMA6,PSMB2,996,PSMA6_PSMB2
428,PSMD11,PSMB2,960,PSMB2_PSMD11
429,PSMB1,PSMB2,998,PSMB1_PSMB2
430,PSMD3,PSMB2,964,PSMB2_PSMD3
431,PSMB6,PSMB2,998,PSMB2_PSMB6
432,PSMA5,PSMB2,998,PSMA5_PSMB2
433,PSMB4,PSMB2,999,PSMB2_PSMB4
434,PSMD1,PSMB2,972,PSMB2_PSMD1
435,PSMD2,PSMB2,977,PSMB2_PSMD2
436,PSMC5,PSMB2,960,PSMB2_PSMC5
437,PSMA8,PSMB2,967,PSMA8_PSMB2
438,PSMF1,PSMB2,964,PSMB2_PSMF1
439,PSMD12,PSMB2,975,PSMB2_PSMD12
440,PSMB10,PSMB2,979,PSMB10_PSMB2
441,PSMB5,PSMB2,999,PSMB2_PSMB5
442,PSMA7,PSMB2,999,PSMA7_PSMB2
443,PSMD4,PSMB9,737,PSMB9_PSMD4
444,PSMC4,PSMB9,729,PSMB9_PSMC4
445,PSMD8,PSMB9,728,PSMB9_PSMD8
446,PSMA3,PSMB9,996,PSMA3_PSMB9
447,PSME2,PSMB9,816,PSMB9_PSME2
448,PSMD7,PSMB9,737,PSMB9_PSMD7
449,PSMA2,PSMB9,987,PSMA2_PSMB9
450,PSMB7,PSMB9,955,PSMB7_PSMB9
451,PSMC1,PSMB9,741,PSMB9_PSMC1
452,PSMA6,PSMB9,995,PSMA6_PSMB9
453,PSMD11,PSMB9,726,PSMB9_PSMD11
454,PSMB1,PSMB9,991,PSMB1_PSMB9
455,PSMD3,PSMB9,740,PSMB9_PSMD3
456,PSMB6,PSMB9,897,PSMB6_PSMB9
457,PSMA5,PSMB9,990,PSMA5_PSMB9
458,PSMB4,PSMB9,995,PSMB4_PSMB9
459,PSMD1,PSMB9,751,PSMB9_PSMD1
460,PSMD2,PSMB9,750,PSMB9_PSMD2
461,PSMA8,PSMB9,964,PSMA8_PSMB9
462,PSMF1,PSMB9,882,PSMB9_PSMF1
463,PSMD12,PSMB9,779,PSMB9_PSMD12
464,PSMB10,PSMB9,999,PSMB10_PSMB9
465,PSMB5,PSMB9,946,PSMB5_PSMB9
466,PSMA7,PSMB9,992,PSMA7_PSMB9
467,PSMB2,PSMB9,995,PSMB2_PSMB9
468,PSMD4,PSMB8,701,PSMB8_PSMD4
469,PSMC4,PSMB8,764,PSMB8_PSMC4
470,PSMD8,PSMB8,776,PSMB8_PSMD8
471,PSMA3,PSMB8,989,PSMA3_PSMB8
472,PSME2,PSMB8,915,PSMB8_PSME2
473,PSMA2,PSMB8,989,PSMA2_PSMB8
474,PSMB7,PSMB8,969,PSMB7_PSMB8
475,PSMC1,PSMB8,758,PSMB8_PSMC1
476,PSMA6,PSMB8,992,PSMA6_PSMB8
477,PSMB1,PSMB8,997,PSMB1_PSMB8
478,PSMB6,PSMB8,958,PSMB6_PSMB8
479,PSMA5,PSMB8,993,PSMA5_PSMB8
480,PSMB4,PSMB8,995,PSMB4_PSMB8
481,PSMD1,PSMB8,713,PSMB8_PSMD1
482,PSMD2,PSMB8,735,PSMB8_PSMD2
483,PSMC5,PSMB8,760,PSMB8_PSMC5
484,PSMA8,PSMB8,952,PSMA8_PSMB8
485,PSMF1,PSMB8,720,PSMB8_PSMF1
486,PSMD12,PSMB8,700,PSMB8_PSMD12
487,PSMB10,PSMB8,999,PSMB10_PSMB8
488,PSMB5,PSMB8,907,PSMB5_PSMB8
489,PSMA7,PSMB8,994,PSMA7_PSMB8
490,PSMB2,PSMB8,996,PSMB2_PSMB8
491,PSMB9,PSMB8,999,PSMB8_PSMB9
492,PSMA3,PSME1,963,PSMA3_PSME1
493,PSME2,PSME1,999,PSME1_PSME2
494,PSMA2,PSME1,968,PSMA2_PSME1
495,PSMB7,PSME1,924,PSMB7_PSME1
496,PSMA6,PSME1,966,PSMA6_PSME1
497,PSMB1,PSME1,925,PSMB1_PSME1
498,PSMB6,PSME1,929,PSMB6_PSME1
499,PSMA5,PSME1,967,PSMA5_PSME1
500,PSMB4,PSME1,961,PSMB4_PSME1
501,PSME3,PSME1,954,PSME1_PSME3
502,PSMD1,PSME1,715,PSMD1_PSME1
503,PSMB10,PSME1,838,PSMB10_PSME1
504,PSMB5,PSME1,897,PSMB5_PSME1
505,PSMA7,PSME1,976,PSMA7_PSME1
506,PSMB2,PSME1,930,PSMB2_PSME1
507,PSMB9,PSME1,834,PSMB9_PSME1
508,PSMB8,PSME1,832,PSMB8_PSME1
509,PSMA3,PSME4,977,PSMA3_PSME4
510,PSMA2,PSME4,979,PSMA2_PSME4
511,PSMB7,PSME4,946,PSMB7_PSME4
512,PSMA6,PSME4,969,PSMA6_PSME4
513,PSMB1,PSME4,950,PSMB1_PSME4
514,PSMB6,PSME4,945,PSMB6_PSME4
515,PSMA5,PSME4,972,PSMA5_PSME4
516,PSMB4,PSME4,950,PSMB4_PSME4
517,PSMA8,PSME4,819,PSMA8_PSME4
518,PSMB10,PSME4,799,PSMB10_PSME4
519,PSMB5,PSME4,955,PSMB5_PSME4
520,PSMA7,PSME4,974,PSMA7_PSME4
521,PSMB2,PSME4,954,PSMB2_PSME4
522,PSMB9,PSME4,921,PSMB9_PSME4
523,PSMB8,PSME4,901,PSMB8_PSME4
524,PSMA3,PSMB11,757,PSMA3_PSMB11
525,PSMA2,PSMB11,836,PSMA2_PSMB11
526,PSMB7,PSMB11,745,PSMB11_PSMB7
527,PSMA6,PSMB11,760,PSMA6_PSMB11
528,PSMB1,PSMB11,773,PSMB1_PSMB11
529,PSMB6,PSMB11,831,PSMB11_PSMB6
530,PSMA5,PSMB11,818,PSMA5_PSMB11
531,PSMB4,PSMB11,849,PSMB11_PSMB4
532,PSMA8,PSMB11,843,PSMA8_PSMB11
533,PSMF1,PSMB11,720,PSMB11_PSMF1
534,PSMB10,PSMB11,984,PSMB10_PSMB11
535,PSMB5,PSMB11,731,PSMB11_PSMB5
536,PSMA7,PSMB11,843,PSMA7_PSMB11
537,PSMB2,PSMB11,783,PSMB11_PSMB2
538,PSMB9,PSMB11,983,PSMB11_PSMB9
539,PSMB8,PSMB11,740,PSMB11_PSMB8
540,MTOR,PSMD14,734,MTOR_PSMD14
541,RPS27A,PSMD14,892,PSMD14_RPS27A
542,UBA52,PSMD14,904,PSMD14_UBA52
543,UBC,PSMD14,962,PSMD14_UBC
544,UBB,PSMD14,891,PSMD14_UBB
545,PSMD4,PSMD14,999,PSMD14_PSMD4
546,PSMC4,PSMD14,995,PSMC4_PSMD14
547,PSMD8,PSMD14,999,PSMD14_PSMD8
548,PSMA3,PSMD14,982,PSMA3_PSMD14
549,PSME2,PSMD14,764,PSMD14_PSME2
550,PSMD7,PSMD14,999,PSMD14_PSMD7
551,PSMA2,PSMD14,974,PSMA2_PSMD14
552,PSMB7,PSMD14,964,PSMB7_PSMD14
553,PSMC1,PSMD14,999,PSMC1_PSMD14
554,PSMA6,PSMD14,975,PSMA6_PSMD14
555,PSMD11,PSMD14,999,PSMD11_PSMD14
556,PSMB1,PSMD14,978,PSMB1_PSMD14
557,PSMD3,PSMD14,999,PSMD14_PSMD3
558,PSMB6,PSMD14,968,PSMB6_PSMD14
559,PSMA5,PSMD14,978,PSMA5_PSMD14
560,PSMB4,PSMD14,982,PSMB4_PSMD14
561,PSME3,PSMD14,787,PSMD14_PSME3
562,PSMD1,PSMD14,998,PSMD1_PSMD14
563,PSMD2,PSMD14,995,PSMD14_PSMD2
564,PSMC5,PSMD14,996,PSMC5_PSMD14
565,PSMA8,PSMD14,799,PSMA8_PSMD14
566,PSMD12,PSMD14,999,PSMD12_PSMD14
567,PSMB5,PSMD14,965,PSMB5_PSMD14
568,PSMA7,PSMD14,970,PSMA7_PSMD14
569,PSMB2,PSMD14,983,PSMB2_PSMD14
570,PSMB9,PSMD14,749,PSMB9_PSMD14
571,PSME1,PSMD14,764,PSMD14_PSME1
572,RPS27A,PSMC2,922,PSMC2_RPS27A
573,UBA52,PSMC2,835,PSMC2_UBA52
574,UBC,PSMC2,910,PSMC2_UBC
575,UBB,PSMC2,866,PSMC2_UBB
576,PSMD4,PSMC2,994,PSMC2_PSMD4
577,PSMC4,PSMC2,998,PSMC2_PSMC4
578,PSMD8,PSMC2,995,PSMC2_PSMD8
579,PSMA3,PSMC2,965,PSMA3_PSMC2
580,PSMD7,PSMC2,997,PSMC2_PSMD7
581,PSMA2,PSMC2,977,PSMA2_PSMC2
582,PSMB7,PSMC2,957,PSMB7_PSMC2
583,PSMC1,PSMC2,997,PSMC1_PSMC2
584,PSMA6,PSMC2,969,PSMA6_PSMC2
585,PSMD11,PSMC2,996,PSMC2_PSMD11
586,PSMB1,PSMC2,973,PSMB1_PSMC2
587,PSMD3,PSMC2,996,PSMC2_PSMD3
588,PSMB6,PSMC2,963,PSMB6_PSMC2
589,PSMA5,PSMC2,989,PSMA5_PSMC2
590,PSMB4,PSMC2,986,PSMB4_PSMC2
591,PSMD1,PSMC2,998,PSMC2_PSMD1
592,PSMD2,PSMC2,998,PSMC2_PSMD2
593,PSMC5,PSMC2,997,PSMC2_PSMC5
594,PSMA8,PSMC2,789,PSMA8_PSMC2
595,PSMD12,PSMC2,996,PSMC2_PSMD12
596,PSMB5,PSMC2,963,PSMB5_PSMC2
597,PSMA7,PSMC2,985,PSMA7_PSMC2
598,PSMB2,PSMC2,966,PSMB2_PSMC2
599,PSMB9,PSMC2,708,PSMB9_PSMC2
600,PSMB8,PSMC2,730,PSMB8_PSMC2
601,PSMD14,PSMC2,997,PSMC2_PSMD14
602,RPS27A,PSMD13,888,PSMD13_RPS27A
603,UBA52,PSMD13,835,PSMD13_UBA52
604,UBC,PSMD13,861,PSMD13_UBC
605,UBB,PSMD13,848,PSMD13_UBB
606,PSMD4,PSMD13,999,PSMD13_PSMD4
607,PSMC4,PSMD13,997,PSMC4_PSMD13
608,PSMD8,PSMD13,999,PSMD13_PSMD8
609,PSMA3,PSMD13,962,PSMA3_PSMD13
610,PSMD7,PSMD13,999,PSMD13_PSMD7
611,PSMA2,PSMD13,966,PSMA2_PSMD13
612,PSMB7,PSMD13,959,PSMB7_PSMD13
613,PSMC1,PSMD13,997,PSMC1_PSMD13
614,PSMA6,PSMD13,972,PSMA6_PSMD13
615,PSMD11,PSMD13,999,PSMD11_PSMD13
616,PSMB1,PSMD13,958,PSMB1_PSMD13
617,PSMD3,PSMD13,999,PSMD13_PSMD3
618,PSMB6,PSMD13,957,PSMB6_PSMD13
619,PSMA5,PSMD13,959,PSMA5_PSMD13
620,PSMB4,PSMD13,973,PSMB4_PSMD13
621,PSMD1,PSMD13,994,PSMD1_PSMD13
622,PSMD2,PSMD13,995,PSMD13_PSMD2
623,PSMC5,PSMD13,994,PSMC5_PSMD13
624,PSMA8,PSMD13,722,PSMA8_PSMD13
625,PSMD12,PSMD13,999,PSMD12_PSMD13
626,PSMB5,PSMD13,950,PSMB5_PSMD13
627,PSMA7,PSMD13,958,PSMA7_PSMD13
628,PSMB2,PSMD13,974,PSMB2_PSMD13
629,PSMB9,PSMD13,739,PSMB9_PSMD13
630,PSMD14,PSMD13,999,PSMD13_PSMD14
631,PSMC2,PSMD13,994,PSMC2_PSMD13
632,RPS27A,PSMA1,888,PSMA1_RPS27A
633,UBA52,PSMA1,864,PSMA1_UBA52
634,UBC,PSMA1,857,PSMA1_UBC
635,UBB,PSMA1,856,PSMA1_UBB
636,PSMD4,PSMA1,991,PSMA1_PSMD4
637,PSMC4,PSMA1,955,PSMA1_PSMC4
638,PSMD8,PSMA1,984,PSMA1_PSMD8
639,PSMA3,PSMA1,999,PSMA1_PSMA3
640,PSME2,PSMA1,968,PSMA1_PSME2
641,PSMD7,PSMA1,979,PSMA1_PSMD7
642,PSMA2,PSMA1,998,PSMA1_PSMA2
643,PSMB7,PSMA1,997,PSMA1_PSMB7
644,PSMC1,PSMA1,968,PSMA1_PSMC1
645,PSMA6,PSMA1,996,PSMA1_PSMA6
646,PSMD11,PSMA1,956,PSMA1_PSMD11
647,PSMB1,PSMA1,999,PSMA1_PSMB1
648,PSMD3,PSMA1,953,PSMA1_PSMD3
649,PSMB6,PSMA1,999,PSMA1_PSMB6
650,PSMA5,PSMA1,998,PSMA1_PSMA5
651,PSMB4,PSMA1,999,PSMA1_PSMB4
652,PSME3,PSMA1,749,PSMA1_PSME3
653,PSMD1,PSMA1,972,PSMA1_PSMD1
654,PSMD2,PSMA1,980,PSMA1_PSMD2
655,PSMC5,PSMA1,946,PSMA1_PSMC5
656,PSMA8,PSMA1,972,PSMA1_PSMA8
657,PSMF1,PSMA1,963,PSMA1_PSMF1
658,PSMD12,PSMA1,976,PSMA1_PSMD12
659,PSMB10,PSMA1,993,PSMA1_PSMB10
660,PSMB5,PSMA1,997,PSMA1_PSMB5
661,PSMA7,PSMA1,998,PSMA1_PSMA7
662,PSMB2,PSMA1,996,PSMA1_PSMB2
663,PSMB9,PSMA1,994,PSMA1_PSMB9
664,PSMB8,PSMA1,993,PSMA1_PSMB8
665,PSME1,PSMA1,970,PSMA1_PSME1
666,PSME4,PSMA1,977,PSMA1_PSME4
667,PSMB11,PSMA1,816,PSMA1_PSMB11
668,PSMD14,PSMA1,982,PSMA1_PSMD14
669,PSMC2,PSMA1,986,PSMA1_PSMC2
670,PSMD13,PSMA1,969,PSMA1_PSMD13
671,RPS27A,PSMD6,886,PSMD6_RPS27A
672,UBA52,PSMD6,835,PSMD6_UBA52
673,UBC,PSMD6,861,PSMD6_UBC
674,UBB,PSMD6,848,PSMD6_UBB
675,PSMD4,PSMD6,998,PSMD4_PSMD6
676,PSMC4,PSMD6,998,PSMC4_PSMD6
677,PSMD8,PSMD6,999,PSMD6_PSMD8
678,PSMA3,PSMD6,962,PSMA3_PSMD6
679,PSME2,PSMD6,723,PSMD6_PSME2
680,PSMD7,PSMD6,999,PSMD6_PSMD7
681,PSMA2,PSMD6,967,PSMA2_PSMD6
682,PSMB7,PSMD6,950,PSMB7_PSMD6
683,PSMC1,PSMD6,997,PSMC1_PSMD6
684,PSMA6,PSMD6,955,PSMA6_PSMD6
685,PSMD11,PSMD6,999,PSMD11_PSMD6
686,PSMB1,PSMD6,954,PSMB1_PSMD6
687,PSMD3,PSMD6,999,PSMD3_PSMD6
688,PSMB6,PSMD6,952,PSMB6_PSMD6
689,PSMA5,PSMD6,959,PSMA5_PSMD6
690,PSMB4,PSMD6,960,PSMB4_PSMD6
691,PSMD1,PSMD6,997,PSMD1_PSMD6
692,PSMD2,PSMD6,996,PSMD2_PSMD6
693,PSMC5,PSMD6,997,PSMC5_PSMD6
694,PSMA8,PSMD6,773,PSMA8_PSMD6
695,PSMD12,PSMD6,999,PSMD12_PSMD6
696,PSMB10,PSMD6,733,PSMB10_PSMD6
697,PSMB5,PSMD6,953,PSMB5_PSMD6
698,PSMA7,PSMD6,957,PSMA7_PSMD6
699,PSMB2,PSMD6,963,PSMB2_PSMD6
700,PSMB9,PSMD6,729,PSMB9_PSMD6
701,PSMD14,PSMD6,999,PSMD14_PSMD6
702,PSMC2,PSMD6,991,PSMC2_PSMD6
703,PSMD13,PSMD6,999,PSMD13_PSMD6
704,PSMA1,PSMD6,958,PSMA1_PSMD6
705,RPS27A,PSMC3,892,PSMC3_RPS27A
706,UBA52,PSMC3,835,PSMC3_UBA52
707,UBC,PSMC3,908,PSMC3_UBC
708,UBB,PSMC3,862,PSMC3_UBB
709,PSMD4,PSMC3,998,PSMC3_PSMD4
710,PSMC4,PSMC3,998,PSMC3_PSMC4
711,PSMD8,PSMC3,997,PSMC3_PSMD8
712,PSMA3,PSMC3,989,PSMA3_PSMC3
713,PSMD7,PSMC3,995,PSMC3_PSMD7
714,PSMA2,PSMC3,963,PSMA2_PSMC3
715,PSMB7,PSMC3,964,PSMB7_PSMC3
716,PSMC1,PSMC3,998,PSMC1_PSMC3
717,PSMA6,PSMC3,971,PSMA6_PSMC3
718,PSMD11,PSMC3,995,PSMC3_PSMD11
719,PSMB1,PSMC3,966,PSMB1_PSMC3
720,PSMD3,PSMC3,995,PSMC3_PSMD3
721,PSMB6,PSMC3,951,PSMB6_PSMC3
722,PSMA5,PSMC3,992,PSMA5_PSMC3
723,PSMB4,PSMC3,949,PSMB4_PSMC3
724,PSMD1,PSMC3,998,PSMC3_PSMD1
725,PSMD2,PSMC3,998,PSMC3_PSMD2
726,PSMC5,PSMC3,994,PSMC3_PSMC5
727,PSMA8,PSMC3,761,PSMA8_PSMC3
728,PSMD12,PSMC3,996,PSMC3_PSMD12
729,PSMB5,PSMC3,964,PSMB5_PSMC3
730,PSMA7,PSMC3,945,PSMA7_PSMC3
731,PSMB2,PSMC3,965,PSMB2_PSMC3
732,PSMB8,PSMC3,754,PSMB8_PSMC3
733,PSMD14,PSMC3,997,PSMC3_PSMD14
734,PSMC2,PSMC3,997,PSMC2_PSMC3
735,PSMD13,PSMC3,997,PSMC3_PSMD13
736,PSMA1,PSMC3,988,PSMA1_PSMC3
737,PSMD6,PSMC3,996,PSMC3_PSMD6
738,RPS27A,PSMB3,888,PSMB3_RPS27A
739,UBA52,PSMB3,835,PSMB3_UBA52
740,UBC,PSMB3,848,PSMB3_UBC
741,UBB,PSMB3,848,PSMB3_UBB
742,PSMD4,PSMB3,987,PSMB3_PSMD4
743,PSMC4,PSMB3,975,PSMB3_PSMC4
744,PSMD8,PSMB3,964,PSMB3_PSMD8
745,PSMA3,PSMB3,999,PSMA3_PSMB3
746,PSME2,PSMB3,929,PSMB3_PSME2
747,PSMD7,PSMB3,964,PSMB3_PSMD7
748,PSMA2,PSMB3,999,PSMA2_PSMB3
749,PSMB7,PSMB3,998,PSMB3_PSMB7
750,PSMC1,PSMB3,963,PSMB3_PSMC1
751,PSMA6,PSMB3,994,PSMA6_PSMB3
752,PSMD11,PSMB3,965,PSMB3_PSMD11
753,PSMB1,PSMB3,999,PSMB1_PSMB3
754,PSMD3,PSMB3,978,PSMB3_PSMD3
755,PSMB6,PSMB3,998,PSMB3_PSMB6
756,PSMA5,PSMB3,999,PSMA5_PSMB3
757,PSMB4,PSMB3,998,PSMB3_PSMB4
758,PSMD1,PSMB3,963,PSMB3_PSMD1
759,PSMD2,PSMB3,972,PSMB3_PSMD2
760,PSMC5,PSMB3,961,PSMB3_PSMC5
761,PSMA8,PSMB3,960,PSMA8_PSMB3
762,PSMF1,PSMB3,959,PSMB3_PSMF1
763,PSMD12,PSMB3,969,PSMB3_PSMD12
764,PSMB10,PSMB3,996,PSMB10_PSMB3
765,PSMB5,PSMB3,998,PSMB3_PSMB5
766,PSMA7,PSMB3,999,PSMA7_PSMB3
767,PSMB2,PSMB3,998,PSMB2_PSMB3
768,PSMB9,PSMB3,991,PSMB3_PSMB9
769,PSMB8,PSMB3,995,PSMB3_PSMB8
770,PSME1,PSMB3,915,PSMB3_PSME1
771,PSME4,PSMB3,946,PSMB3_PSME4
772,PSMB11,PSMB3,720,PSMB11_PSMB3
773,PSMD14,PSMB3,986,PSMB3_PSMD14
774,PSMC2,PSMB3,975,PSMB3_PSMC2
775,PSMD13,PSMB3,969,PSMB3_PSMD13
776,PSMA1,PSMB3,998,PSMA1_PSMB3
777,PSMD6,PSMB3,958,PSMB3_PSMD6
778,PSMC3,PSMB3,963,PSMB3_PSMC3
779,MTOR,PSMC6,734,MTOR_PSMC6
780,RPS27A,PSMC6,888,PSMC6_RPS27A
781,UBA52,PSMC6,887,PSMC6_UBA52
782,UBC,PSMC6,864,PSMC6_UBC
783,UBB,PSMC6,848,PSMC6_UBB
784,PSMD4,PSMC6,998,PSMC6_PSMD4
785,PSMC4,PSMC6,996,PSMC4_PSMC6
786,PSMD8,PSMC6,998,PSMC6_PSMD8
787,PSMA3,PSMC6,980,PSMA3_PSMC6
788,PSMD7,PSMC6,995,PSMC6_PSMD7
789,PSMA2,PSMC6,972,PSMA2_PSMC6
790,PSMB7,PSMC6,974,PSMB7_PSMC6
791,PSMC1,PSMC6,998,PSMC1_PSMC6
792,PSMA6,PSMC6,987,PSMA6_PSMC6
793,PSMD11,PSMC6,997,PSMC6_PSMD11
794,PSMB1,PSMC6,960,PSMB1_PSMC6
795,PSMD3,PSMC6,993,PSMC6_PSMD3
796,PSMB6,PSMC6,976,PSMB6_PSMC6
797,PSMA5,PSMC6,971,PSMA5_PSMC6
798,PSMB4,PSMC6,978,PSMB4_PSMC6
799,PSMD1,PSMC6,998,PSMC6_PSMD1
800,PSMD2,PSMC6,997,PSMC6_PSMD2
801,PSMC5,PSMC6,996,PSMC5_PSMC6
802,PSMA8,PSMC6,751,PSMA8_PSMC6
803,PSMD12,PSMC6,998,PSMC6_PSMD12
804,PSMB5,PSMC6,976,PSMB5_PSMC6
805,PSMA7,PSMC6,969,PSMA7_PSMC6
806,PSMB2,PSMC6,960,PSMB2_PSMC6
807,PSMB9,PSMC6,759,PSMB9_PSMC6
808,PSMD14,PSMC6,996,PSMC6_PSMD14
809,PSMC2,PSMC6,994,PSMC2_PSMC6
810,PSMD13,PSMC6,996,PSMC6_PSMD13
811,PSMA1,PSMC6,971,PSMA1_PSMC6
812,PSMD6,PSMC6,997,PSMC6_PSMD6
813,PSMC3,PSMC6,997,PSMC3_PSMC6
814,PSMB3,PSMC6,960,PSMB3_PSMC6
815,ZAP70,PLCG1,831,PLCG1_ZAP70
816,FYN,PLCG1,841,FYN_PLCG1
817,GRB2,PLCG1,998,GRB2_PLCG1
818,ZAP70,GRAP2,876,GRAP2_ZAP70
819,FYN,GRAP2,908,FYN_GRAP2
820,LCK,GRAP2,873,GRAP2_LCK
821,GRB2,GRAP2,993,GRAP2_GRB2
822,PLCG1,GRAP2,989,GRAP2_PLCG1
823,AKT1,SRC,981,AKT1_SRC
824,FYN,SRC,998,FYN_SRC
825,LCK,SRC,867,LCK_SRC
826,GRB2,SRC,993,GRB2_SRC
827,GRAP2,SRC,874,GRAP2_SRC
828,AKT1,WAS,936,AKT1_WAS
829,FYN,WAS,895,FYN_WAS
830,LCK,WAS,700,LCK_WAS
831,GRB2,WAS,972,GRB2_WAS
832,SRC,WAS,945,SRC_WAS
833,ZAP70,LAT,981,LAT_ZAP70
834,LCK,LAT,866,LAT_LCK
835,GRB2,LAT,997,GRB2_LAT
836,PLCG1,LAT,997,LAT_PLCG1
837,GRAP2,LAT,995,GRAP2_LAT
838,LCK,ITK,784,ITK_LCK
839,GRB2,ITK,960,GRB2_ITK
840,PLCG1,ITK,980,ITK_PLCG1
841,GRAP2,ITK,962,GRAP2_ITK
842,LAT,ITK,808,ITK_LAT
843,FYN,NCK1,939,FYN_NCK1
844,GRB2,NCK1,991,GRB2_NCK1
845,PLCG1,NCK1,932,NCK1_PLCG1
846,GRAP2,NCK1,950,GRAP2_NCK1
847,SRC,NCK1,771,NCK1_SRC
848,WAS,NCK1,994,NCK1_WAS
849,ITK,NCK1,904,ITK_NCK1
850,ZAP70,LYN,702,LYN_ZAP70
851,FYN,LYN,992,FYN_LYN
852,LCK,LYN,882,LCK_LYN
853,GRB2,LYN,790,GRB2_LYN
854,SRC,LYN,983,LYN_SRC
855,AKT1,VAV1,856,AKT1_VAV1
856,ZAP70,VAV1,982,VAV1_ZAP70
857,FYN,VAV1,938,FYN_VAV1
858,LCK,VAV1,946,LCK_VAV1
859,GRB2,VAV1,999,GRB2_VAV1
860,PLCG1,VAV1,983,PLCG1_VAV1
861,GRAP2,VAV1,987,GRAP2_VAV1
862,WAS,VAV1,818,VAV1_WAS
863,LAT,VAV1,942,LAT_VAV1
864,ITK,VAV1,969,ITK_VAV1
865,NCK1,VAV1,996,NCK1_VAV1
866,LYN,VAV1,968,LYN_VAV1
867,FYN,PLCG2,898,FYN_PLCG2
868,GRB2,PLCG2,782,GRB2_PLCG2
869,PLCG1,PLCG2,959,PLCG1_PLCG2
870,GRAP2,PLCG2,800,GRAP2_PLCG2
871,SRC,PLCG2,871,PLCG2_SRC
872,LAT,PLCG2,764,LAT_PLCG2
873,LYN,PLCG2,910,LYN_PLCG2
874,VAV1,PLCG2,987,PLCG2_VAV1
875,ZAP70,PTPN6,718,PTPN6_ZAP70
876,LCK,PTPN6,755,LCK_PTPN6
877,GRB2,PTPN6,844,GRB2_PTPN6
878,FYN,PTPRC,756,FYN_PTPRC
879,LCK,PTPRC,984,LCK_PTPRC
880,RPS27A,PSMD5,734,PSMD5_RPS27A
881,PSMD4,PSMD5,947,PSMD4_PSMD5
882,PSMC4,PSMD5,946,PSMC4_PSMD5
883,PSMD8,PSMD5,951,PSMD5_PSMD8
884,PSMD7,PSMD5,955,PSMD5_PSMD7
885,PSMC1,PSMD5,979,PSMC1_PSMD5
886,PSMD11,PSMD5,925,PSMD11_PSMD5
887,PSMD3,PSMD5,922,PSMD3_PSMD5
888,PSMD1,PSMD5,932,PSMD1_PSMD5
889,PSMD2,PSMD5,969,PSMD2_PSMD5
890,PSMC5,PSMD5,927,PSMC5_PSMD5
891,PSMD12,PSMD5,922,PSMD12_PSMD5
892,PSMD14,PSMD5,922,PSMD14_PSMD5
893,PSMC2,PSMD5,939,PSMC2_PSMD5
894,PSMD13,PSMD5,926,PSMD13_PSMD5
895,PSMD6,PSMD5,922,PSMD5_PSMD6
896,PSMC3,PSMD5,945,PSMC3_PSMD5
897,PSMC6,PSMD5,955,PSMC6_PSMD5
898,PSMD4,PSMD10,946,PSMD10_PSMD4
899,PSMC4,PSMD10,995,PSMC4_PSMD10
900,PSMD8,PSMD10,931,PSMD10_PSMD8
901,PSMD7,PSMD10,944,PSMD10_PSMD7
902,PSMC1,PSMD10,961,PSMC1_PSMD10
903,PSMD11,PSMD10,951,PSMD10_PSMD11
904,PSMD3,PSMD10,940,PSMD10_PSMD3
905,PSMD1,PSMD10,963,PSMD1_PSMD10
906,PSMD2,PSMD10,942,PSMD10_PSMD2
907,PSMC5,PSMD10,967,PSMC5_PSMD10
908,PSMD12,PSMD10,973,PSMD10_PSMD12
909,PSMD14,PSMD10,934,PSMD10_PSMD14
910,PSMC2,PSMD10,951,PSMC2_PSMD10
911,PSMD13,PSMD10,951,PSMD10_PSMD13
912,PSMD6,PSMD10,957,PSMD10_PSMD6
913,PSMC3,PSMD10,964,PSMC3_PSMD10
914,PSMC6,PSMD10,974,PSMC6_PSMD10
915,PSMD4,PSMD9,903,PSMD4_PSMD9
916,PSMC4,PSMD9,925,PSMC4_PSMD9
917,PSMD8,PSMD9,896,PSMD8_PSMD9
918,PSMD7,PSMD9,889,PSMD7_PSMD9
919,PSMC1,PSMD9,766,PSMC1_PSMD9
920,PSMD11,PSMD9,962,PSMD11_PSMD9
921,PSMD3,PSMD9,897,PSMD3_PSMD9
922,PSMD1,PSMD9,899,PSMD1_PSMD9
923,PSMD2,PSMD9,897,PSMD2_PSMD9
924,PSMC5,PSMD9,895,PSMC5_PSMD9
925,PSMD12,PSMD9,919,PSMD12_PSMD9
926,PSMD14,PSMD9,899,PSMD14_PSMD9
927,PSMC2,PSMD9,886,PSMC2_PSMD9
928,PSMD13,PSMD9,921,PSMD13_PSMD9
929,PSMD6,PSMD9,917,PSMD6_PSMD9
930,PSMC3,PSMD9,965,PSMC3_PSMD9
931,PSMC6,PSMD9,962,PSMC6_PSMD9
932,PSMD5,PSMD9,830,PSMD5_PSMD9
933,FYN,PTPN11,980,FYN_PTPN11
934,GRB2,PTPN11,999,GRB2_PTPN11
935,GRAP2,PTPN11,869,GRAP2_PTPN11
936,SRC,PTPN11,996,PTPN11_SRC
937,PLCG2,PTPN11,909,PLCG2_PTPN11
938,PTPN6,PTPN11,947,PTPN11_PTPN6
939,RPS27A,TAB2,943,RPS27A_TAB2
940,UBA52,TAB2,900,TAB2_UBA52
941,UBC,TAB2,972,TAB2_UBC
942,UBB,TAB2,900,TAB2_UBB
943,CHUK,MAP3K7,885,CHUK_MAP3K7
944,TAB2,MAP3K7,999,MAP3K7_TAB2
945,CHUK,IKBKB,999,CHUK_IKBKB
946,AKT1,IKBKB,726,AKT1_IKBKB
947,SRC,IKBKB,788,IKBKB_SRC
948,MAP3K7,IKBKB,815,IKBKB_MAP3K7
949,CHUK,TRAF6,994,CHUK_TRAF6
950,AKT1,TRAF6,781,AKT1_TRAF6
951,RPS27A,TRAF6,902,RPS27A_TRAF6
952,UBA52,TRAF6,851,TRAF6_UBA52
953,UBC,TRAF6,821,TRAF6_UBC
954,FYN,TRAF6,928,FYN_TRAF6
955,LCK,TRAF6,902,LCK_TRAF6
956,SRC,TRAF6,989,SRC_TRAF6
957,TAB2,TRAF6,999,TAB2_TRAF6
958,MAP3K7,TRAF6,998,MAP3K7_TRAF6
959,IKBKB,TRAF6,992,IKBKB_TRAF6
960,CHUK,IKBKG,999,CHUK_IKBKG
961,UBC,IKBKG,976,IKBKG_UBC
962,UBB,IKBKG,929,IKBKG_UBB
963,TAB2,IKBKG,993,IKBKG_TAB2
964,MAP3K7,IKBKG,974,IKBKG_MAP3K7
965,IKBKB,IKBKG,999,IKBKB_IKBKG
966,TRAF6,IKBKG,999,IKBKG_TRAF6
967,RPS27A,NFKBIA,976,NFKBIA_RPS27A
968,UBA52,NFKBIA,947,NFKBIA_UBA52
969,UBC,NFKBIA,947,NFKBIA_UBC
970,UBB,NFKBIA,947,NFKBIA_UBB
971,IKBKB,NFKBIA,959,IKBKB_NFKBIA
972,CHUK,NFKB1,873,CHUK_NFKB1
973,IKBKB,NFKB1,919,IKBKB_NFKB1
974,IKBKG,NFKB1,885,IKBKG_NFKB1
975,NFKBIA,NFKB1,999,NFKB1_NFKBIA
976,CHUK,RELA,836,CHUK_RELA
977,RPS27A,RELA,716,RELA_RPS27A
978,IKBKB,RELA,829,IKBKB_RELA
979,IKBKG,RELA,757,IKBKG_RELA
980,NFKBIA,RELA,999,NFKBIA_RELA
981,NFKB1,RELA,999,NFKB1_RELA
982,TAB2,RIPK2,852,RIPK2_TAB2
983,MAP3K7,RIPK2,716,MAP3K7_RIPK2
984,TRAF6,RIPK2,894,RIPK2_TRAF6
985,IKBKG,RIPK2,925,IKBKG_RIPK2
986,CD80,CD86,998,CD80_CD86
987,PTPN11,CD274,865,CD274_PTPN11
988,CD80,CD274,999,CD274_CD80
989,CD86,CD274,950,CD274_CD86
990,WAS,VASP,905,VASP_WAS
991,PSMD4,SEM1,805,PSMD4_SEM1
992,PSMD8,SEM1,983,PSMD8_SEM1
993,PSMD11,SEM1,875,PSMD11_SEM1
994,PSMD3,SEM1,993,PSMD3_SEM1
995,PSMD12,SEM1,979,PSMD12_SEM1
996,PSMD14,SEM1,988,PSMD14_SEM1
997,PSMD13,SEM1,970,PSMD13_SEM1
998,PSMD6,SEM1,945,PSMD6_SEM1
999,RPS27A,SKP1,941,RPS27A_SKP1
1000,UBA52,SKP1,926,SKP1_UBA52
1001,UBC,SKP1,958,SKP1_UBC
1002,UBB,SKP1,929,SKP1_UBB
1003,NFKBIA,SKP1,976,NFKBIA_SKP1
1004,RPS27A,CUL1,962,CUL1_RPS27A
1005,UBA52,CUL1,895,CUL1_UBA52
1006,UBC,CUL1,958,CUL1_UBC
1007,UBB,CUL1,907,CUL1_UBB
1008,NFKBIA,CUL1,973,CUL1_NFKBIA
1009,SKP1,CUL1,999,CUL1_SKP1
1010,PLCG1,PIK3R2,900,PIK3R2_PLCG1
1011,PLCG2,PIK3R2,900,PIK3R2_PLCG2
1012,PTPN11,PIK3R2,943,PIK3R2_PTPN11
1013,NFKBIA,FBXW11,746,FBXW11_NFKBIA
1014,NFKB1,FBXW11,716,FBXW11_NFKB1
1015,SKP1,FBXW11,997,FBXW11_SKP1
1016,CUL1,FBXW11,995,CUL1_FBXW11
1017,MTOR,RICTOR,999,MTOR_RICTOR
1018,CUL1,RICTOR,906,CUL1_RICTOR
1019,RPS27A,BTRC,895,BTRC_RPS27A
1020,UBA52,BTRC,895,BTRC_UBA52
1021,UBC,BTRC,924,BTRC_UBC
1022,UBB,BTRC,895,BTRC_UBB
1023,IKBKB,BTRC,711,BTRC_IKBKB
1024,NFKBIA,BTRC,998,BTRC_NFKBIA
1025,NFKB1,BTRC,788,BTRC_NFKB1
1026,RELA,BTRC,716,BTRC_RELA
1027,SKP1,BTRC,999,BTRC_SKP1
1028,CUL1,BTRC,999,BTRC_CUL1
1029,FBXW11,BTRC,981,BTRC_FBXW11
1030,RPS27A,UBE2D1,979,RPS27A_UBE2D1
1031,UBA52,UBE2D1,965,UBA52_UBE2D1
1032,UBC,UBE2D1,985,UBC_UBE2D1
1033,UBB,UBE2D1,964,UBB_UBE2D1
1034,TRAF6,UBE2D1,776,TRAF6_UBE2D1
1035,SKP1,UBE2D1,927,SKP1_UBE2D1
1036,CUL1,UBE2D1,910,CUL1_UBE2D1
1037,FBXW11,UBE2D1,800,FBXW11_UBE2D1
1038,BTRC,UBE2D1,899,BTRC_UBE2D1
1039,RPS27A,UBE2D2,983,RPS27A_UBE2D2
1040,UBA52,UBE2D2,965,UBA52_UBE2D2
1041,UBC,UBE2D2,985,UBC_UBE2D2
1042,UBB,UBE2D2,979,UBB_UBE2D2
1043,ZAP70,UBE2D2,800,UBE2D2_ZAP70
1044,TRAF6,UBE2D2,735,TRAF6_UBE2D2
1045,NFKBIA,UBE2D2,926,NFKBIA_UBE2D2
1046,SKP1,UBE2D2,975,SKP1_UBE2D2
1047,CUL1,UBE2D2,986,CUL1_UBE2D2
1048,FBXW11,UBE2D2,800,FBXW11_UBE2D2
1049,BTRC,UBE2D2,984,BTRC_UBE2D2
1050,UBE2D1,UBE2D2,939,UBE2D1_UBE2D2
1051,VAV1,RAC1,779,RAC1_VAV1
1052,AKT1,CDC42,982,AKT1_CDC42
1053,GRB2,CDC42,784,CDC42_GRB2
1054,WAS,CDC42,999,CDC42_WAS
1055,NCK1,CDC42,864,CDC42_NCK1
1056,VAV1,CDC42,957,CDC42_VAV1
1057,RAC1,CDC42,798,CDC42_RAC1
1058,PTEN,CDC42,900,CDC42_PTEN
1059,RPS27A,UBE2N,992,RPS27A_UBE2N
1060,UBA52,UBE2N,986,UBA52_UBE2N
1061,UBC,UBE2N,994,UBC_UBE2N
1062,UBB,UBE2N,972,UBB_UBE2N
1063,TAB2,UBE2N,890,TAB2_UBE2N
1064,MAP3K7,UBE2N,704,MAP3K7_UBE2N
1065,TRAF6,UBE2N,999,TRAF6_UBE2N
1066,IKBKG,UBE2N,859,IKBKG_UBE2N
1067,RPS27A,UBE2V1,955,RPS27A_UBE2V1
1068,UBA52,UBE2V1,961,UBA52_UBE2V1
1069,UBC,UBE2V1,965,UBC_UBE2V1
1070,UBB,UBE2V1,950,UBB_UBE2V1
1071,TAB2,UBE2V1,795,TAB2_UBE2V1
1072,TRAF6,UBE2V1,992,TRAF6_UBE2V1
1073,UBE2D2,UBE2V1,851,UBE2D2_UBE2V1
1074,UBE2N,UBE2V1,999,UBE2N_UBE2V1
1075,FYN,PIK3R1,776,FYN_PIK3R1
1076,CD247,PIK3R1,802,CD247_PIK3R1
1077,CD3G,PIK3R1,737,CD3G_PIK3R1
1078,LCK,PIK3R1,826,LCK_PIK3R1
1079,GRB2,PIK3R1,979,GRB2_PIK3R1
1080,PLCG1,PIK3R1,949,PIK3R1_PLCG1
1081,SRC,PIK3R1,862,PIK3R1_SRC
1082,NCK1,PIK3R1,764,NCK1_PIK3R1
1083,VAV1,PIK3R1,790,PIK3R1_VAV1
1084,PLCG2,PIK3R1,973,PIK3R1_PLCG2
1085,PTPN11,PIK3R1,957,PIK3R1_PTPN11
1086,PIK3R2,PIK3R1,998,PIK3R1_PIK3R2
1087,PTEN,PIK3R1,873,PIK3R1_PTEN
1088,CDC42,PIK3R1,770,CDC42_PIK3R1
1089,PLCG1,PIK3R3,900,PIK3R3_PLCG1
1090,PLCG2,PIK3R3,900,PIK3R3_PLCG2
1091,PTPN11,PIK3R3,917,PIK3R3_PTPN11
1092,PIK3R2,PIK3R3,998,PIK3R2_PIK3R3
1093,PIK3R1,PIK3R3,995,PIK3R1_PIK3R3
1094,GRB2,PIK3CA,702,GRB2_PIK3CA
1095,PLCG1,PIK3CA,943,PIK3CA_PLCG1
1096,PLCG2,PIK3CA,900,PIK3CA_PLCG2
1097,PTPN11,PIK3CA,953,PIK3CA_PTPN11
1098,PIK3R2,PIK3CA,999,PIK3CA_PIK3R2
1099,PIK3R1,PIK3CA,999,PIK3CA_PIK3R1
1100,PIK3R3,PIK3CA,999,PIK3CA_PIK3R3
1101,PLCG1,PIK3CB,900,PIK3CB_PLCG1
1102,PLCG2,PIK3CB,900,PIK3CB_PLCG2
1103,PTPN11,PIK3CB,900,PIK3CB_PTPN11
1104,PIK3R2,PIK3CB,999,PIK3CB_PIK3R2
1105,CDC42,PIK3CB,822,CDC42_PIK3CB
1106,PIK3R1,PIK3CB,999,PIK3CB_PIK3R1
1107,PIK3R3,PIK3CB,999,PIK3CB_PIK3R3
1108,PIK3CA,PIK3CB,998,PIK3CA_PIK3CB
1109,VASP,EVL,979,EVL_VASP
1110,NFKB1,MAP3K8,944,MAP3K8_NFKB1
1111,RELA,MAP3K8,703,MAP3K8_RELA
1112,AKT1,PAK1,989,AKT1_PAK1
1113,GRB2,PAK1,856,GRB2_PAK1
1114,NCK1,PAK1,991,NCK1_PAK1
1115,RAC1,PAK1,872,PAK1_RAC1
1116,CDC42,PAK1,999,CDC42_PAK1
1117,NCK1,PAK2,945,NCK1_PAK2
1118,RAC1,PAK2,866,PAK2_RAC1
1119,CDC42,PAK2,930,CDC42_PAK2
1120,PAK1,PAK2,941,PAK1_PAK2
1121,NCK1,PAK3,900,NCK1_PAK3
1122,RAC1,PAK3,872,PAK3_RAC1
1123,CDC42,PAK3,955,CDC42_PAK3
1124,PAK1,PAK3,957,PAK1_PAK3
1125,PAK2,PAK3,918,PAK2_PAK3
1126,AKT1,THEM4,850,AKT1_THEM4
1127,VASP,ENAH,979,ENAH_VASP
1128,EVL,ENAH,981,ENAH_EVL
1129,CD80,ICOS,979,CD80_ICOS
1130,CD86,ICOS,976,CD86_ICOS
1131,CD274,ICOS,956,CD274_ICOS
1132,PIK3R1,ICOS,748,ICOS_PIK3R1
1133,FYN,CD28,735,CD28_FYN
1134,CD247,CD28,712,CD247_CD28
1135,LCK,CD28,988,CD28_LCK
1136,GRB2,CD28,964,CD28_GRB2
1137,GRAP2,CD28,925,CD28_GRAP2
1138,ITK,CD28,856,CD28_ITK
1139,CD80,CD28,999,CD28_CD80
1140,CD86,CD28,999,CD28_CD86
1141,CD274,CD28,954,CD274_CD28
1142,PIK3R1,CD28,761,CD28_PIK3R1
1143,ICOS,CD28,914,CD28_ICOS
1144,CHUK,MAP3K14,951,CHUK_MAP3K14
1145,TRAF6,MAP3K14,712,MAP3K14_TRAF6
1146,FYN,CTLA4,787,CTLA4_FYN
1147,PTPN6,CTLA4,936,CTLA4_PTPN6
1148,PTPN11,CTLA4,981,CTLA4_PTPN11
1149,CD80,CTLA4,999,CD80_CTLA4
1150,CD86,CTLA4,999,CD86_CTLA4
1151,CD274,CTLA4,989,CD274_CTLA4
1152,ICOS,CTLA4,861,CTLA4_ICOS
1153,CD28,CTLA4,982,CD28_CTLA4
1154,MTOR,MAPKAP1,999,MAPKAP1_MTOR
1155,RICTOR,MAPKAP1,999,MAPKAP1_RICTOR
1156,MTOR,MLST8,999,MLST8_MTOR
1157,RICTOR,MLST8,999,MLST8_RICTOR
1158,MAPKAP1,MLST8,999,MAPKAP1_MLST8
1159,MTOR,PRR5,998,MTOR_PRR5
1160,RICTOR,PRR5,998,PRR5_RICTOR
1161,MAPKAP1,PRR5,997,MAPKAP1_PRR5
1162,MLST8,PRR5,998,MLST8_PRR5
1163,GRB2,INPP5D,957,GRB2_INPP5D
1164,LYN,INPP5D,950,INPP5D_LYN
1165,PTPN11,INPP5D,716,INPP5D_PTPN11
1166,PIK3R1,INPP5D,716,INPP5D_PIK3R1
1167,AKT1,AKT2,983,AKT1_AKT2
1168,THEM4,AKT2,700,AKT2_THEM4
1169,CHUK,CARD11,835,CARD11_CHUK
1170,MAP3K7,CARD11,780,CARD11_MAP3K7
1171,TRAF6,CARD11,860,CARD11_TRAF6
1172,IKBKG,CARD11,943,CARD11_IKBKG
1173,CD28,CARD11,715,CARD11_CD28
1174,CHUK,BCL10,854,BCL10_CHUK
1175,MAP3K7,BCL10,952,BCL10_MAP3K7
1176,IKBKB,BCL10,770,BCL10_IKBKB
1177,TRAF6,BCL10,992,BCL10_TRAF6
1178,IKBKG,BCL10,971,BCL10_IKBKG
1179,UBE2N,BCL10,825,BCL10_UBE2N
1180,CARD11,BCL10,999,BCL10_CARD11
1181,PTPN6,PDCD1,928,PDCD1_PTPN6
1182,PTPN11,PDCD1,996,PDCD1_PTPN11
1183,CD80,PDCD1,988,CD80_PDCD1
1184,CD86,PDCD1,982,CD86_PDCD1
1185,CD274,PDCD1,999,CD274_PDCD1
1186,CTLA4,PDCD1,782,CTLA4_PDCD1
1187,CD80,PDCD1LG2,915,CD80_PDCD1LG2
1188,CD86,PDCD1LG2,785,CD86_PDCD1LG2
1189,CD274,PDCD1LG2,982,CD274_PDCD1LG2
1190,ICOS,PDCD1LG2,828,ICOS_PDCD1LG2
1191,CD28,PDCD1LG2,799,CD28_PDCD1LG2
1192,CTLA4,PDCD1LG2,986,CTLA4_PDCD1LG2
1193,PDCD1,PDCD1LG2,999,PDCD1_PDCD1LG2
1194,ICOS,ICOSLG,999,ICOS_ICOSLG
1195,CD28,ICOSLG,981,CD28_ICOSLG
1196,CTLA4,ICOSLG,952,CTLA4_ICOSLG
1197,PDCD1,ICOSLG,732,ICOSLG_PDCD1
1198,FYN,YES1,986,FYN_YES1
1199,LCK,YES1,700,LCK_YES1
1200,GRB2,YES1,759,GRB2_YES1
1201,GRAP2,YES1,800,GRAP2_YES1
1202,SRC,YES1,972,SRC_YES1
1203,LYN,YES1,796,LYN_YES1
1204,PLCG2,YES1,800,PLCG2_YES1
1205,PTPN11,YES1,800,PTPN11_YES1
1206,AKT1,TRIB3,987,AKT1_TRIB3
1207,AKT2,TRIB3,877,AKT2_TRIB3
1208,TAB2,MALT1,764,MALT1_TAB2
1209,MAP3K7,MALT1,716,MALT1_MAP3K7
1210,TRAF6,MALT1,994,MALT1_TRAF6
1211,IKBKG,MALT1,936,IKBKG_MALT1
1212,CARD11,MALT1,999,CARD11_MALT1
1213,BCL10,MALT1,999,BCL10_MALT1
1214,HLA-DQA2,HLA-DQB2,773,HLA-DQA2_HLA-DQB2
1215,HLA-DRA,HLA-DQB2,849,HLA-DQB2_HLA-DRA
1216,AKT1,AKT3,957,AKT1_AKT3
1217,AKT2,AKT3,964,AKT2_AKT3
1218,HLA-DQA1,CD4,911,CD4_HLA-DQA1
1219,HLA-DRB1,CD4,960,CD4_HLA-DRB1
1220,HLA-DQA2,CD4,900,CD4_HLA-DQA2
1221,HLA-DQB1,CD4,803,CD4_HLA-DQB1
1222,HLA-DRB5,CD4,900,CD4_HLA-DRB5
1223,HLA-DRA,CD4,989,CD4_HLA-DRA
1224,HLA-DPA1,CD4,900,CD4_HLA-DPA1
1225,HLA-DPB1,CD4,900,CD4_HLA-DPB1
1226,ZAP70,CD4,961,CD4_ZAP70
1227,TRAT1,CD4,900,CD4_TRAT1
1228,CD3D,CD4,927,CD3D_CD4
1229,FYN,CD4,950,CD4_FYN
1230,CD3E,CD4,900,CD3E_CD4
1231,CD247,CD4,937,CD247_CD4
1232,CD3G,CD4,964,CD3G_CD4
1233,LCK,CD4,999,CD4_LCK
1234,RPS27A,PSMA4,921,PSMA4_RPS27A
1235,UBA52,PSMA4,835,PSMA4_UBA52
1236,UBC,PSMA4,866,PSMA4_UBC
1237,UBB,PSMA4,874,PSMA4_UBB
1238,PSMD4,PSMA4,987,PSMA4_PSMD4
1239,PSMC4,PSMA4,964,PSMA4_PSMC4
1240,PSMD8,PSMA4,963,PSMA4_PSMD8
1241,PSMA3,PSMA4,999,PSMA3_PSMA4
1242,PSME2,PSMA4,967,PSMA4_PSME2
1243,PSMD7,PSMA4,979,PSMA4_PSMD7
1244,PSMA2,PSMA4,999,PSMA2_PSMA4
1245,PSMB7,PSMA4,997,PSMA4_PSMB7
1246,PSMC1,PSMA4,976,PSMA4_PSMC1
1247,PSMA6,PSMA4,998,PSMA4_PSMA6
1248,PSMD11,PSMA4,960,PSMA4_PSMD11
1249,PSMB1,PSMA4,997,PSMA4_PSMB1
1250,PSMD3,PSMA4,969,PSMA4_PSMD3
1251,PSMB6,PSMA4,998,PSMA4_PSMB6
1252,PSMA5,PSMA4,998,PSMA4_PSMA5
1253,PSMB4,PSMA4,998,PSMA4_PSMB4
1254,PSME3,PSMA4,709,PSMA4_PSME3
1255,PSMD1,PSMA4,960,PSMA4_PSMD1
1256,PSMD2,PSMA4,971,PSMA4_PSMD2
1257,PSMC5,PSMA4,979,PSMA4_PSMC5
1258,PSMA8,PSMA4,953,PSMA4_PSMA8
1259,PSMF1,PSMA4,965,PSMA4_PSMF1
1260,PSMD12,PSMA4,971,PSMA4_PSMD12
1261,PSMB10,PSMA4,969,PSMA4_PSMB10
1262,PSMB5,PSMA4,998,PSMA4_PSMB5
1263,PSMA7,PSMA4,998,PSMA4_PSMA7
1264,PSMB2,PSMA4,999,PSMA4_PSMB2
1265,PSMB9,PSMA4,994,PSMA4_PSMB9
1266,PSMB8,PSMA4,993,PSMA4_PSMB8
1267,PSME1,PSMA4,978,PSMA4_PSME1
1268,PSME4,PSMA4,976,PSMA4_PSME4
1269,PSMB11,PSMA4,807,PSMA4_PSMB11
1270,PSMD14,PSMA4,982,PSMA4_PSMD14
1271,PSMC2,PSMA4,954,PSMA4_PSMC2
1272,PSMD13,PSMA4,968,PSMA4_PSMD13
1273,PSMA1,PSMA4,998,PSMA1_PSMA4
1274,PSMD6,PSMA4,959,PSMA4_PSMD6
1275,PSMC3,PSMA4,983,PSMA4_PSMC3
1276,PSMB3,PSMA4,999,PSMA4_PSMB3
1277,PSMC6,PSMA4,961,PSMA4_PSMC6
1278,ZAP70,LCP2,994,LCP2_ZAP70
1279,FYN,LCP2,965,FYN_LCP2
1280,LCK,LCP2,987,LCK_LCP2
1281,GRB2,LCP2,994,GRB2_LCP2
1282,PLCG1,LCP2,998,LCP2_PLCG1
1283,GRAP2,LCP2,999,GRAP2_LCP2
1284,SRC,LCP2,835,LCP2_SRC
1285,WAS,LCP2,922,LCP2_WAS
1286,LAT,LCP2,993,LAT_LCP2
1287,ITK,LCP2,998,ITK_LCP2
1288,NCK1,LCP2,999,LCP2_NCK1
1289,LYN,LCP2,812,LCP2_LYN
1290,VAV1,LCP2,998,LCP2_VAV1
1291,PLCG2,LCP2,986,LCP2_PLCG2
1292,RPS27A,CDC34,981,CDC34_RPS27A
1293,UBA52,CDC34,965,CDC34_UBA52
1294,UBC,CDC34,986,CDC34_UBC
1295,UBB,CDC34,965,CDC34_UBB
1296,SKP1,CDC34,984,CDC34_SKP1
1297,CUL1,CDC34,918,CDC34_CUL1
1298,FYN,CSK,809,CSK_FYN
1299,LCK,CSK,799,CSK_LCK
1300,SRC,CSK,995,CSK_SRC
1301,PAG1,CSK,999,CSK_PAG1
1302,PTPN22,CSK,997,CSK_PTPN22
1303,FYN,PRKCQ,752,FYN_PRKCQ
1304,LCK,PRKCQ,793,LCK_PRKCQ
1305,MAP3K7,PRKCQ,716,MAP3K7_PRKCQ
1306,TRAF6,PRKCQ,700,PRKCQ_TRAF6
1307,CD28,PRKCQ,884,CD28_PRKCQ
1308,CARD11,PRKCQ,936,CARD11_PRKCQ
1309,BCL10,PRKCQ,864,BCL10_PRKCQ
1310,PTPN11,BTLA,988,BTLA_PTPN11
1311,TNFRSF14,BTLA,999,BTLA_TNFRSF14
1312,AKT1,PDPK1,988,AKT1_PDPK1
1313,CARD11,PDPK1,790,CARD11_PDPK1
